"","mtry","RMSE","Rsquared","MAE","RMSESD","RsquaredSD","MAESD"
"1",16,4.42826332349337,0.548110625711347,2.2650080963691,0.488756061234081,0.0485625539485609,0.117428272858602
